{
  "0": {
    "precision": 0.6482617586912065,
    "recall": 0.7925,
    "f1-score": 0.7131608548931384,
    "support": 400.0
  },
  "1": {
    "precision": 0.5673076923076923,
    "recall": 0.7375,
    "f1-score": 0.6413043478260869,
    "support": 400.0
  },
  "2": {
    "precision": 0.9411764705882353,
    "recall": 0.92,
    "f1-score": 0.9304677623261695,
    "support": 400.0
  },
  "3": {
    "precision": 0.9974874371859297,
    "recall": 0.9925,
    "f1-score": 0.9949874686716792,
    "support": 400.0
  },
  "4": {
    "precision": 0.97,
    "recall": 0.97,
    "f1-score": 0.97,
    "support": 400.0
  },
  "5": {
    "precision": 0.9688311688311688,
    "recall": 0.9325,
    "f1-score": 0.9503184713375796,
    "support": 400.0
  },
  "6": {
    "precision": 0.9532019704433498,
    "recall": 0.9675,
    "f1-score": 0.9602977667493796,
    "support": 400.0
  },
  "7": {
    "precision": 0.9827160493827161,
    "recall": 0.995,
    "f1-score": 0.9888198757763975,
    "support": 400.0
  },
  "8": {
    "precision": 0.9679012345679012,
    "recall": 0.98,
    "f1-score": 0.9739130434782609,
    "support": 400.0
  },
  "9": {
    "precision": 0.73125,
    "recall": 0.8775,
    "f1-score": 0.7977272727272727,
    "support": 400.0
  },
  "A": {
    "precision": 0.9754901960784313,
    "recall": 0.995,
    "f1-score": 0.9851485148514851,
    "support": 400.0
  },
  "B": {
    "precision": 0.9826302729528535,
    "recall": 0.99,
    "f1-score": 0.9863013698630136,
    "support": 400.0
  },
  "C": {
    "precision": 0.9748743718592965,
    "recall": 0.97,
    "f1-score": 0.9724310776942355,
    "support": 400.0
  },
  "D": {
    "precision": 0.9523809523809523,
    "recall": 0.95,
    "f1-score": 0.951188986232791,
    "support": 400.0
  },
  "E": {
    "precision": 0.99,
    "recall": 0.99,
    "f1-score": 0.99,
    "support": 400.0
  },
  "F": {
    "precision": 0.7645348837209303,
    "recall": 0.6575,
    "f1-score": 0.706989247311828,
    "support": 400.0
  },
  "G": {
    "precision": 0.9491525423728814,
    "recall": 0.98,
    "f1-score": 0.964329643296433,
    "support": 400.0
  },
  "H": {
    "precision": 0.9827160493827161,
    "recall": 0.995,
    "f1-score": 0.9888198757763975,
    "support": 400.0
  },
  "I": {
    "precision": 0.698019801980198,
    "recall": 0.705,
    "f1-score": 0.7014925373134329,
    "support": 400.0
  },
  "J": {
    "precision": 0.9750623441396509,
    "recall": 0.9775,
    "f1-score": 0.9762796504369539,
    "support": 400.0
  },
  "K": {
    "precision": 0.9974811083123426,
    "recall": 0.99,
    "f1-score": 0.9937264742785445,
    "support": 400.0
  },
  "L": {
    "precision": 0.703971119133574,
    "recall": 0.4875,
    "f1-score": 0.5760709010339734,
    "support": 400.0
  },
  "M": {
    "precision": 0.9974937343358395,
    "recall": 0.995,
    "f1-score": 0.9962453066332916,
    "support": 400.0
  },
  "N": {
    "precision": 0.9633251833740831,
    "recall": 0.985,
    "f1-score": 0.9740420271940667,
    "support": 400.0
  },
  "O": {
    "precision": 0.7484276729559748,
    "recall": 0.595,
    "f1-score": 0.6629526462395543,
    "support": 400.0
  },
  "P": {
    "precision": 0.9873737373737373,
    "recall": 0.9775,
    "f1-score": 0.9824120603015075,
    "support": 400.0
  },
  "Q": {
    "precision": 0.9628712871287128,
    "recall": 0.9725,
    "f1-score": 0.9676616915422885,
    "support": 400.0
  },
  "R": {
    "precision": 0.9708029197080292,
    "recall": 0.9975,
    "f1-score": 0.9839704069050554,
    "support": 400.0
  },
  "S": {
    "precision": 0.9253012048192771,
    "recall": 0.96,
    "f1-score": 0.9423312883435583,
    "support": 400.0
  },
  "T": {
    "precision": 0.9359605911330049,
    "recall": 0.95,
    "f1-score": 0.9429280397022333,
    "support": 400.0
  },
  "U": {
    "precision": 0.9481481481481482,
    "recall": 0.96,
    "f1-score": 0.9540372670807453,
    "support": 400.0
  },
  "V": {
    "precision": 0.9405940594059405,
    "recall": 0.95,
    "f1-score": 0.945273631840796,
    "support": 400.0
  },
  "W": {
    "precision": 0.9974874371859297,
    "recall": 0.9925,
    "f1-score": 0.9949874686716792,
    "support": 400.0
  },
  "X": {
    "precision": 0.9974619289340102,
    "recall": 0.9825,
    "f1-score": 0.9899244332493703,
    "support": 400.0
  },
  "Y": {
    "precision": 0.96,
    "recall": 0.96,
    "f1-score": 0.96,
    "support": 400.0
  },
  "Z": {
    "precision": 0.9219512195121952,
    "recall": 0.945,
    "f1-score": 0.9333333333333333,
    "support": 400.0
  },
  "a": {
    "precision": 0.949748743718593,
    "recall": 0.945,
    "f1-score": 0.9473684210526315,
    "support": 400.0
  },
  "b": {
    "precision": 0.9691516709511568,
    "recall": 0.9425,
    "f1-score": 0.9556400506970849,
    "support": 400.0
  },
  "d": {
    "precision": 0.9924050632911392,
    "recall": 0.98,
    "f1-score": 0.9861635220125786,
    "support": 400.0
  },
  "e": {
    "precision": 0.9800498753117207,
    "recall": 0.9825,
    "f1-score": 0.9812734082397003,
    "support": 400.0
  },
  "f": {
    "precision": 0.6903669724770642,
    "recall": 0.7525,
    "f1-score": 0.7200956937799043,
    "support": 400.0
  },
  "g": {
    "precision": 0.7967479674796748,
    "recall": 0.735,
    "f1-score": 0.764629388816645,
    "support": 400.0
  },
  "h": {
    "precision": 0.958128078817734,
    "recall": 0.9725,
    "f1-score": 0.9652605459057072,
    "support": 400.0
  },
  "n": {
    "precision": 0.958974358974359,
    "recall": 0.935,
    "f1-score": 0.9468354430379747,
    "support": 400.0
  },
  "q": {
    "precision": 0.7801857585139319,
    "recall": 0.63,
    "f1-score": 0.6970954356846473,
    "support": 400.0
  },
  "r": {
    "precision": 0.9622166246851386,
    "recall": 0.955,
    "f1-score": 0.958594730238394,
    "support": 400.0
  },
  "t": {
    "precision": 0.9398496240601504,
    "recall": 0.9375,
    "f1-score": 0.9386733416770964,
    "support": 400.0
  },
  "accuracy": 0.9115425531914894,
  "macro avg": {
    "precision": 0.91296747418314,
    "recall": 0.9115425531914892,
    "f1-score": 0.9107554196607425,
    "support": 18800.0
  },
  "weighted avg": {
    "precision": 0.91296747418314,
    "recall": 0.9115425531914894,
    "f1-score": 0.9107554196607424,
    "support": 18800.0
  }
}